,loss,mse,s_mape,precision,recall,gan_loss,prop,val_loss,val_mse,val_s_mape,val_precision,val_recall,val_gan_loss,val_prop
0,0.0101340273395181,0.0139216808602214,1.25025725364685,0.294471859931946,0.756885230541229,0.498753041028976,0.543443202972412,0.00874717719852924,0.0115760304033756,1.81669580936432,0.236839890480041,0.965571463108063,0.498599678277969,0.626759767532349
1,0.00886368285864592,0.0112126898020506,1.24638032913208,0.371091514825821,0.917942404747009,0.498689711093903,0.511905610561371,0.00813738815486431,0.0106142330914736,1.00048196315765,0.414752334356308,0.924733281135559,0.498751401901245,0.615276634693146
2,0.00849188398569822,0.0104515580460429,1.14261019229889,0.401962012052536,0.926551520824432,0.498607367277145,0.499977350234985,0.00780276022851467,0.0100171137601137,1.21171581745148,0.400627851486206,0.946723878383637,0.498531669378281,0.610031247138977
3,0.00823393557220697,0.00992762856185436,1.0608104467392,0.424294173717499,0.929903984069824,0.49856299161911,0.492235720157623,0.00753700081259012,0.00958212930709124,0.935085117816925,0.459178805351257,0.925577402114868,0.498558431863785,0.602717757225037
4,0.00802816729992628,0.00950228609144688,0.994576036930084,0.444515764713287,0.931391477584839,0.498522490262985,0.480788290500641,0.00736683141440153,0.00923870224505663,0.850163459777832,0.475732952356339,0.931497812271118,0.498540729284287,0.594438552856445
5,0.00788480043411255,0.00921369437128305,0.947113394737244,0.457477778196335,0.933132529258728,0.498486638069153,0.475545406341553,0.00725505687296391,0.00907174590975046,0.965046107769012,0.476197749376297,0.936939120292664,0.498391091823578,0.594855904579163
6,0.00775701645761728,0.00895311310887337,0.90820848941803,0.469452828168869,0.934776723384857,0.498460233211517,0.470322668552399,0.00708945374935865,0.00871255155652761,0.90443629026413,0.470509976148605,0.94164901971817,0.498410135507584,0.58502596616745
7,0.0076600993052125,0.00875218212604523,0.882287681102753,0.477210819721222,0.93693995475769,0.498440116643906,0.465857714414597,0.00700125657021999,0.00856370106339455,0.891263484954834,0.486482083797455,0.944106698036194,0.498443990945816,0.582671284675598
8,0.00758701795712113,0.00860785413533449,0.85720694065094,0.485987901687622,0.937111377716064,0.498426169157028,0.464367002248764,0.0071007339283824,0.00879307743161917,0.662734031677246,0.53617399930954,0.919913411140442,0.498638451099396,0.586205542087555
9,0.00753255840390921,0.00849427934736013,0.845503807067871,0.487918764352798,0.939373135566711,0.498419493436813,0.45918744802475,0.00697902217507362,0.00856721680611372,0.849365234375,0.520393669605255,0.933055341243744,0.498479455709457,0.584755718708038
10,0.00747955171391368,0.0083942236378789,0.827298700809479,0.49419292807579,0.939680576324463,0.498410552740097,0.461493879556656,0.00685479259118438,0.00834019016474485,0.846341609954834,0.515450596809387,0.940517544746399,0.498356491327286,0.580299615859985
11,0.00744266202673316,0.00831407308578491,0.819061517715454,0.496903389692307,0.940883100032806,0.498401165008545,0.455788671970367,0.00677140103653073,0.00814708415418863,0.788477778434753,0.500760197639465,0.943853855133057,0.49838662147522,0.573097825050354
12,0.0074079311452806,0.00824884884059429,0.806944906711578,0.502471506595612,0.941085457801819,0.498394399881363,0.45757183432579,0.0067289350554347,0.00809046253561974,0.70163506269455,0.536520779132843,0.934290289878845,0.498451769351959,0.571987569332123
13,0.00737853115424514,0.00818174611777067,0.799049973487854,0.505978763103485,0.941222429275513,0.498389571905136,0.452509731054306,0.006737204734236,0.0081222876906395,0.726687729358673,0.532932162284851,0.9405397772789,0.498413860797882,0.573820471763611
14,0.0073451129719615,0.0081225223839283,0.790000259876251,0.508092939853668,0.942111730575562,0.498383074998856,0.455758422613144,0.00666523491963744,0.00795396137982607,0.829420864582062,0.512098133563995,0.944778442382813,0.498335897922516,0.569794774055481
15,0.00733687123283744,0.00810285657644272,0.788560152053833,0.509288191795349,0.942942142486572,0.498382687568665,0.452248960733414,0.00696880277246237,0.00857087597250938,0.685374855995178,0.535431861877441,0.928382813930512,0.498479694128037,0.583155512809753
16,0.00729913869872689,0.00802360195666552,0.778130233287811,0.514185965061188,0.942844927310944,0.498374432325363,0.449581384658814,0.00666241394355893,0.00793045479804277,0.76909601688385,0.501616775989533,0.946302890777588,0.498345226049423,0.567739546298981
17,0.00728065706789494,0.00798684451729059,0.772639155387878,0.516014754772186,0.942912518978119,0.498373746871948,0.451120048761368,0.00671837292611599,0.00809839740395546,0.651488125324249,0.565346121788025,0.927514970302582,0.498416602611542,0.572837471961975
18,0.00725503591820598,0.00793248321861029,0.765156626701355,0.519880592823029,0.943429291248322,0.498368352651596,0.448276430368423,0.0066293878480792,0.00794228445738554,0.63801896572113,0.567452311515808,0.925985455513001,0.498355776071548,0.569403171539307
19,0.00724492594599724,0.00791418645530939,0.761901915073395,0.522420644760132,0.94315505027771,0.49836340546608,0.448173642158508,0.00652899919077754,0.00772953545674682,0.628710150718689,0.569347739219666,0.929787278175354,0.498397916555405,0.563275277614594
20,0.0072285900823772,0.00787957385182381,0.755033075809479,0.524696946144104,0.942626476287842,0.498361706733704,0.446173340082169,0.00659576896578074,0.00789465755224228,0.762810945510864,0.538283824920654,0.943865299224854,0.498329222202301,0.570615649223328
21,0.00721320929005742,0.00784797314554453,0.753488481044769,0.524294555187225,0.943518161773682,0.498359113931656,0.445807069540024,0.00659368187189102,0.00790989212691784,0.556800663471222,0.602860033512116,0.915681958198547,0.498433172702789,0.56926292181015
22,0.00719312112778425,0.00781119987368584,0.746922135353088,0.527828812599182,0.943433523178101,0.498355984687805,0.446993917226791,0.00654455041512847,0.00776047073304653,0.655609488487244,0.557655930519104,0.93499219417572,0.498432725667954,0.564593195915222
23,0.0071685453876853,0.00775882275775075,0.740837872028351,0.530814528465271,0.944135427474976,0.498352438211441,0.445523947477341,0.00648647081106901,0.00764564145356417,0.691788554191589,0.539247691631317,0.944824397563934,0.498360693454742,0.561536550521851
24,0.00716036930680275,0.00774105219170451,0.738914728164673,0.529395759105682,0.944232404232025,0.49835017323494,0.443116754293442,0.00660980539396405,0.00782544072717428,0.726164400577545,0.528164505958557,0.944718062877655,0.498447179794312,0.564460635185242
25,0.00715301465243101,0.00773014919832349,0.739431619644165,0.528479874134064,0.944786190986633,0.498348206281662,0.445111244916916,0.00670386059209704,0.00806949567049742,0.64925491809845,0.565342128276825,0.927008450031281,0.498462527990341,0.572198927402496
26,0.00714080687612295,0.00770553248003125,0.733332276344299,0.532734990119934,0.943891942501068,0.498344004154205,0.444154649972916,0.00660193245857954,0.00788764655590057,0.689420163631439,0.540900647640228,0.929680228233337,0.498268306255341,0.568708539009094
27,0.00712229683995247,0.00766510143876076,0.728058695793152,0.534571409225464,0.943959295749664,0.498342782258987,0.442301571369171,0.00650044390931726,0.00771954283118248,0.776575803756714,0.537126541137695,0.94844377040863,0.498297393321991,0.567112147808075
28,0.00711004482582212,0.00764387613162398,0.724862277507782,0.535677075386047,0.944515764713287,0.498339831829071,0.443007469177246,0.00653758458793163,0.00776862166821957,0.672906696796417,0.566151916980743,0.935839235782623,0.498302847146988,0.566091179847717
29,0.00710381520912051,0.00762771954759955,0.724804282188416,0.536237120628357,0.944393455982208,0.498334467411041,0.44095915555954,0.00654240045696497,0.00776363536715508,0.594999730587006,0.570989787578583,0.929653644561768,0.498396068811417,0.564047694206238
30,0.00708332099020481,0.00758515298366547,0.717406094074249,0.538599252700806,0.943541169166565,0.498330801725388,0.438227951526642,0.00646617030724883,0.00767232570797205,0.645261883735657,0.573567569255829,0.930288016796112,0.498320996761322,0.564872682094574
31,0.00707640126347542,0.00756904855370522,0.715679049491882,0.539701759815216,0.94369649887085,0.498329252004623,0.439223915338516,0.00651025911793113,0.0077406233176589,0.684832453727722,0.561885058879852,0.93889319896698,0.498345702886581,0.566547751426697
32,0.00705710938200355,0.00753078609704971,0.710753321647644,0.541236639022827,0.943434953689575,0.498325645923615,0.438381671905518,0.00640230998396874,0.00753301382064819,0.598114132881165,0.589459896087647,0.925336003303528,0.498356431722641,0.559914827346802
33,0.00703884894028306,0.00749796535819769,0.706912696361542,0.543033719062805,0.943434834480286,0.498320430517197,0.439258068799973,0.00648213969543576,0.00772786699235439,0.700866401195526,0.549360394477844,0.936617255210876,0.498222589492798,0.567919075489044
34,0.00701902806758881,0.00745544768869877,0.700824081897736,0.546104311943054,0.942715525627136,0.498310774564743,0.437223702669144,0.00644224602729082,0.00762144010514021,0.665217638015747,0.572026550769806,0.929264307022095,0.498266994953156,0.564066112041473
35,0.00699897343292832,0.00741622317582369,0.695187926292419,0.546865344047546,0.941748321056366,0.498305827379227,0.43685719370842,0.00653775269165635,0.0077690645121038,0.860129714012146,0.50807249546051,0.946869730949402,0.498110204935074,0.568609416484833
36,0.00698390975594521,0.00738855451345444,0.691397786140442,0.548949718475342,0.941193819046021,0.498296082019806,0.437872916460037,0.00655229948461056,0.00783221703022718,0.531764447689056,0.606195151805878,0.910648047924042,0.498392343521118,0.567143142223358
37,0.00696157244965434,0.00734162237495184,0.686728060245514,0.55105185508728,0.940572321414948,0.49829027056694,0.435251086950302,0.0063851005397737,0.0075309919193387,0.534107804298401,0.615932703018189,0.905512094497681,0.498275190591812,0.560600996017456
38,0.00694869784638286,0.00731481844559312,0.682217180728912,0.554317831993103,0.93983381986618,0.49828377366066,0.434696882963181,0.00646984251216054,0.00768029037863016,0.600756764411926,0.596633315086365,0.91289234161377,0.498242855072022,0.565115928649902
39,0.00694271503016353,0.00730371102690697,0.679903149604797,0.553703546524048,0.93970799446106,0.498279094696045,0.433554172515869,0.00658770278096199,0.00789614673703909,0.738861203193665,0.558276414871216,0.925853252410889,0.498253256082535,0.571381509304047
40,0.00692198984324932,0.00725918915122747,0.675738215446472,0.556516587734222,0.939668238162994,0.498273640871048,0.433125436306,0.00645966874435544,0.00765035953372717,0.751909136772156,0.541850686073303,0.943039119243622,0.498266130685806,0.564994394779205
41,0.00692365504801273,0.00726442132145166,0.675913870334625,0.556162834167481,0.939023673534393,0.498272299766541,0.434362232685089,0.00642024911940098,0.00760134449228644,0.676668465137482,0.578049659729004,0.924231827259064,0.498192131519318,0.564889430999756
42,0.00690718134865165,0.00722839822992682,0.671726822853088,0.558825254440308,0.938697099685669,0.498263150453568,0.431547045707703,0.0063725751824677,0.00746548175811768,0.718556344509125,0.558821380138397,0.937546849250793,0.498280227184296,0.559591412544251
43,0.00690210377797484,0.00721764238551259,0.670798420906067,0.558901846408844,0.938859820365906,0.498262375593185,0.430856347084045,0.0064528570510447,0.00766807002946734,0.58790135383606,0.607069194316864,0.910048186779022,0.498309135437012,0.56509929895401
44,0.00687170075252652,0.00715862773358822,0.661741733551025,0.562169551849365,0.937774896621704,0.498250514268875,0.429864674806595,0.00636677909642458,0.00754168862476945,0.629043400287628,0.601378321647644,0.910398006439209,0.498140156269074,0.564355254173279
45,0.00685297045856714,0.00712243653833866,0.65879899263382,0.562218964099884,0.937879085540772,0.498244345188141,0.429528117179871,0.00633604358881712,0.00736985169351101,0.544263243675232,0.588564276695251,0.921817183494568,0.498384952545166,0.553436517715454
46,0.00684498436748982,0.00710543291643262,0.655156552791595,0.564896464347839,0.936886131763458,0.498240023851395,0.428892314434052,0.00636946316808462,0.00745364325121045,0.557313024997711,0.609922826290131,0.911808252334595,0.498377948999405,0.556966483592987
47,0.00682836445048451,0.00707409204915166,0.650721609592438,0.567420721054077,0.936453282833099,0.498228222131729,0.428851902484894,0.00634252279996872,0.00742497248575091,0.637355029582977,0.577945828437805,0.927994847297668,0.498244822025299,0.557942569255829
48,0.00681594852358103,0.00704667204990983,0.647952318191528,0.566932797431946,0.935872256755829,0.498222529888153,0.428031086921692,0.00636975793167949,0.00754016125574708,0.596131443977356,0.595681011676788,0.91391396522522,0.498175084590912,0.563081860542297
49,0.00680734915658832,0.00703086191788316,0.646797657012939,0.567243993282318,0.93584281206131,0.49821537733078,0.426535278558731,0.00644113169983029,0.00762205896899104,0.566128849983215,0.598959803581238,0.907518625259399,0.498255014419556,0.562730848789215
50,0.00573554774746299,0.00735323736444116,0.4903644323349,0.688722729682922,0.81745183467865,0.10626083612442,0.573231518268585,0.00526693183928728,0.00785161461681128,0.556356728076935,0.670304656028748,0.820196211338043,0.0237876251339912,0.708962321281433
51,0.0054760673083365,0.00726415915414691,0.52186793088913,0.660556018352509,0.831515550613403,0.0163328945636749,0.588280498981476,0.00518016563728452,0.00773329008370638,0.546129822731018,0.660482227802277,0.823307633399963,0.00874088518321514,0.709668219089508
52,0.00542855588719249,0.00717974919825792,0.526598155498505,0.66138106584549,0.841008305549622,0.0138614596799016,0.586700677871704,0.005209487862885,0.00771717168390751,0.56502503156662,0.660891115665436,0.840955436229706,0.0167699046432972,0.704558730125427
53,0.00540364999324083,0.00713590253144503,0.534949243068695,0.656309425830841,0.847657382488251,0.0121678914874792,0.586590349674225,0.00522547820582986,0.00780069502070546,0.589633524417877,0.645872592926025,0.842703342437744,0.0125463679432869,0.709914207458496
54,0.00537961861118674,0.0070971236564219,0.532996654510498,0.658232867717743,0.849666059017181,0.0102508338168263,0.586549758911133,0.0051980409771204,0.00771237863227725,0.567818462848663,0.666717946529388,0.841076850891113,0.0171452462673187,0.706128478050232
55,0.00536447344347835,0.00707123382017016,0.540265679359436,0.654988646507263,0.854714810848236,0.00922555848956108,0.58663147687912,0.00533796893432736,0.00805780291557312,0.522514462471008,0.679136037826538,0.808252573013306,0.00942208338528872,0.716167688369751
56,0.0053449789993465,0.00703119393438101,0.54172283411026,0.652911126613617,0.857714653015137,0.00884979218244553,0.585576355457306,0.00523582706227899,0.00778105249628425,0.574712634086609,0.653313636779785,0.846639573574066,0.0122388787567616,0.707072019577026
57,0.00534188328310847,0.00703071383759379,0.543172597885132,0.651783883571625,0.858253300189972,0.00747362757101655,0.584986686706543,0.00534278200939298,0.00806084182113409,0.567112565040588,0.66286963224411,0.837453186511993,0.00661712000146508,0.716319143772125
58,0.0053179869428277,0.00698209926486015,0.541139423847199,0.652607023715973,0.860967636108398,0.00735292676836252,0.583640575408936,0.00510621396824718,0.00749024283140898,0.611855149269104,0.644156754016876,0.868029594421387,0.0133899627253413,0.699773073196411
59,0.00530253956094384,0.00695965113118291,0.545076131820679,0.652571558952332,0.865645229816437,0.00635010749101639,0.583876013755798,0.00519697042182088,0.00755767058581114,0.464238494634628,0.684172034263611,0.832855343818665,0.0296031329780817,0.691345572471619
60,0.00528992339968681,0.00693120807409287,0.546596586704254,0.651143193244934,0.867522060871124,0.00755943870171905,0.58417010307312,0.00505632534623146,0.00745532521978021,0.597867548465729,0.64827299118042,0.863979160785675,0.00838035065680742,0.703227877616882
61,0.00528375711292028,0.00691340398043394,0.542587161064148,0.654058694839478,0.86743289232254,0.00611996091902256,0.58003032207489,0.00515976129099727,0.00757119758054614,0.580883681774139,0.650796294212341,0.864788830280304,0.0212850607931614,0.699025809764862
62,0.00526651786640286,0.00687978696078062,0.542540311813355,0.652502775192261,0.869322896003723,0.00623195758089423,0.580645382404327,0.00529663870111108,0.00786316394805908,0.622285783290863,0.640880882740021,0.864628612995148,0.00882395077496767,0.707046568393707
63,0.00527695938944817,0.00690712779760361,0.548238694667816,0.649998605251312,0.869861483573914,0.00655856868252158,0.583122193813324,0.00511896656826139,0.00755746057257056,0.578035950660706,0.654727637767792,0.856905698776245,0.0136079397052526,0.703523874282837
64,0.00525773921981454,0.00686305481940508,0.545326828956604,0.651498854160309,0.871997952461243,0.00556611828505993,0.579270362854004,0.0051450957544148,0.00757485115900636,0.59214186668396,0.647867560386658,0.860356211662293,0.0152155216783285,0.700127363204956
65,0.00523730413988233,0.00683003617450595,0.54593563079834,0.650891184806824,0.874677717685699,0.00569148641079664,0.581392645835876,0.00506840460002422,0.00737845525145531,0.566123783588409,0.652088165283203,0.867634475231171,0.0205968245863914,0.693705439567566
66,0.00523654371500015,0.00681830616667867,0.542539238929749,0.653506875038147,0.874194145202637,0.00633006962016225,0.579204678535461,0.00518109230324626,0.0076643698848784,0.503839433193207,0.673608660697937,0.838778674602509,0.00952606927603483,0.702701210975647
67,0.00521771749481559,0.00679550925269723,0.541804194450378,0.654125094413757,0.875564515590668,0.00553070474416018,0.581026673316956,0.00513351894915104,0.00757453311234713,0.672050416469574,0.622510552406311,0.876052141189575,0.00525953201577067,0.704495549201965
68,0.00520699843764305,0.00676450086757541,0.537233650684357,0.656518757343292,0.874467134475708,0.00544946268200874,0.577122330665588,0.00514981523156166,0.00762997195124626,0.636727690696716,0.638331353664398,0.875821530818939,0.00340538914315402,0.706750154495239
69,0.00519675714895129,0.00675118947401643,0.53684937953949,0.657284259796143,0.876075923442841,0.00549921579658985,0.579123675823212,0.0050622820854187,0.00746237952262163,0.580330193042755,0.660819351673126,0.866727113723755,0.00669008959084749,0.702250599861145
70,0.00522118667140603,0.00679360330104828,0.542998254299164,0.653567254543304,0.87629622220993,0.00542355142533779,0.57763135433197,0.00506406463682652,0.00742875225841999,0.618682444095612,0.640718162059784,0.878960967063904,0.0119599485769868,0.700106859207153
71,0.00518140150234103,0.00672011356800795,0.534787774085999,0.656763911247253,0.876930058002472,0.00521042291074991,0.576936662197113,0.00500532146543264,0.0073299752548337,0.517536282539368,0.667130947113037,0.852674961090088,0.00606967974454165,0.697019398212433
72,0.00518752448260784,0.00672875484451652,0.537313878536224,0.656289637088776,0.878274440765381,0.00597325619310141,0.5779128074646,0.00504735391587019,0.00741094304248691,0.545088887214661,0.663057029247284,0.863101303577423,0.00821681041270494,0.699590563774109
73,0.00517556723207235,0.0067121647298336,0.533062815666199,0.659040808677673,0.876566410064697,0.00431419629603624,0.576288044452667,0.00501383515074849,0.00736037688329816,0.509712696075439,0.67401134967804,0.847567021846771,0.00584998819977045,0.699178397655487
74,0.00514875957742333,0.00664629694074392,0.530012130737305,0.659886121749878,0.878655254840851,0.00479961605742574,0.572254836559296,0.00505049014464021,0.00739388354122639,0.555187880992889,0.663688600063324,0.861254215240479,0.0132968900725245,0.697571158409119
75,0.0053946184925735,0.00681304652243853,0.408361911773682,0.748098194599152,0.816027820110321,0.185274451971054,0.584717810153961,0.00534778786823154,0.00748382741585374,0.412750244140625,0.751083731651306,0.792152941226959,0.134290844202042,0.663805365562439
76,0.00524620153009892,0.00686286715790629,0.395057111978531,0.761407971382141,0.801214039325714,0.120747976005077,0.603535234928131,0.00529015809297562,0.00746794044971466,0.436012029647827,0.749626457691193,0.796564698219299,0.123075939714909,0.670508980751038
77,0.00522397225722671,0.0068966681137681,0.391729980707169,0.767471790313721,0.794317126274109,0.103552184998989,0.606911182403564,0.00543423462659121,0.00802310276776552,0.395628571510315,0.775444447994232,0.751386523246765,0.0826675072312355,0.697637617588043
78,0.00519916415214539,0.00695463549345732,0.390074819326401,0.772258818149567,0.788344025611877,0.0845096930861473,0.616347193717957,0.00553182419389486,0.00813705381006002,0.421409040689468,0.764332294464111,0.762456595897675,0.0873209461569786,0.694402456283569
79,0.00516458321362734,0.0070691080763936,0.385078221559525,0.780988454818726,0.777141869068146,0.0492940433323383,0.629301726818085,0.00533370301127434,0.00792391691356897,0.473781675100327,0.756597101688385,0.784580111503601,0.0611526444554329,0.704669892787933
80,0.00511804595589638,0.00707418657839298,0.38754415512085,0.782551288604736,0.775583386421204,0.0309428591281176,0.635087966918945,0.00526474136859179,0.00791708193719387,0.440319955348969,0.76763117313385,0.763328015804291,0.026233609765768,0.713024497032166
81,0.00510438345372677,0.00705758947879076,0.388496547937393,0.782283544540405,0.776022732257843,0.0273493397980928,0.635558545589447,0.00521215749904513,0.00796379800885916,0.426254659891129,0.780341386795044,0.756554782390595,0.0189342945814133,0.72286993265152
82,0.00507688289508224,0.00701664993539453,0.384385079145432,0.784333825111389,0.77547025680542,0.0245740190148354,0.63471907377243,0.00526250898838043,0.007946802303195,0.402393907308579,0.782182455062866,0.754510223865509,0.0295024756342173,0.714981198310852
83,0.00508461613208056,0.00702928937971592,0.39087787270546,0.781467318534851,0.77792227268219,0.0244577750563622,0.636635899543762,0.00517897168174386,0.00770369870588183,0.420966476202011,0.772854924201965,0.767680168151856,0.0328954756259918,0.704629242420197
84,0.00505713606253266,0.00698048016056418,0.38842648267746,0.782310247421265,0.77918940782547,0.0238222498446703,0.635632336139679,0.00537774944677949,0.00811596680432558,0.430749833583832,0.768114745616913,0.751142263412476,0.0322852320969105,0.714069485664368
85,0.00505316024646163,0.00696875853464007,0.390118628740311,0.78218686580658,0.779928147792816,0.024025646969676,0.63406765460968,0.00523616699501872,0.00781263411045074,0.487661898136139,0.754613637924194,0.784343779087067,0.0436554476618767,0.707869648933411
86,0.00504757044836879,0.00696618249639869,0.386890441179276,0.784032762050629,0.777991592884064,0.0223934520035982,0.634088337421417,0.00523423729464412,0.00789383798837662,0.427965104579926,0.772601962089539,0.761878967285156,0.0220852755010128,0.7137810587883
87,0.00503187347203493,0.00693495292216539,0.385229498147964,0.784512758255005,0.778300106525421,0.0239418726414442,0.633397221565247,0.00515370117500424,0.00767373805865645,0.423953533172607,0.773174822330475,0.76349538564682,0.0325259938836098,0.706800282001495
88,0.00503139011561871,0.00693882396444678,0.386265248060226,0.784682929515839,0.778151273727417,0.0229626893997192,0.634257018566132,0.00525733316317201,0.00793188810348511,0.352983027696609,0.798567891120911,0.726278007030487,0.0233261492103338,0.712779879570007
89,0.00501635763794184,0.00691755581647158,0.38844045996666,0.783260643482208,0.78147566318512,0.0220454223453999,0.635120570659637,0.00517981685698032,0.00769912172108889,0.393676549196243,0.783179640769959,0.758284747600555,0.0433517470955849,0.704324841499329
90,0.0059126541018486,0.00704819802194834,0.35620442032814,0.796005070209503,0.762162566184998,0.443397134542465,0.556855976581574,0.00632756529375911,0.00817451905459166,0.37894332408905,0.783678889274597,0.737949311733246,0.412173420190811,0.609418153762817
91,0.00580503745004535,0.00700655300170183,0.361508399248123,0.787809014320374,0.770924627780914,0.406372278928757,0.56368213891983,0.00625796988606453,0.00797934271395206,0.360950469970703,0.778619647026062,0.73917281627655,0.414524406194687,0.601684510707855
92,0.00575184402987361,0.00704818917438388,0.384016692638397,0.773950219154358,0.783503234386444,0.375200867652893,0.572290182113647,0.00580385373905301,0.00797807425260544,0.439232647418976,0.752749383449554,0.779500961303711,0.23359851539135,0.651387691497803
93,0.00523108569905162,0.00705281039699912,0.396785169839859,0.767371714115143,0.791772723197937,0.16682131588459,0.630413055419922,0.00558771705254912,0.00802360568195581,0.403080135583878,0.766047835350037,0.759613811969757,0.148387432098389,0.676357328891754
94,0.00516674108803272,0.00700405007228255,0.392012298107147,0.766752183437347,0.793933391571045,0.15148638188839,0.635434925556183,0.00552468840032816,0.00786703079938889,0.411300897598267,0.761152029037476,0.772347688674927,0.155942544341087,0.673275947570801
95,0.00513838930055499,0.00695361802354455,0.394710838794708,0.762708783149719,0.799010396003723,0.14841502904892,0.634007692337036,0.00553556298837066,0.00790947303175926,0.440247237682343,0.74883383512497,0.781925559043884,0.144998386502266,0.673941016197205
96,0.00512585416436195,0.00695170741528273,0.395414233207703,0.759686529636383,0.801374554634094,0.145071491599083,0.635157704353333,0.00550871528685093,0.00795301329344511,0.479050397872925,0.738063812255859,0.801471471786499,0.139271661639214,0.681373655796051
97,0.00511091621592641,0.00695273466408253,0.395845413208008,0.758122980594635,0.802140235900879,0.139193773269653,0.637733578681946,0.00544433435425162,0.00782088935375214,0.446717411279678,0.744843065738678,0.794337630271912,0.133609384298325,0.678162813186646
98,0.00508426409214735,0.00690262671560049,0.392735362052917,0.758038341999054,0.804029166698456,0.137598469853401,0.635184526443481,0.00546485232189298,0.00780870299786329,0.484214931726456,0.729709386825562,0.809637665748596,0.143068596720696,0.675585627555847
99,0.00508035672828555,0.00689118402078748,0.394436150789261,0.755798280239105,0.806278824806213,0.137473165988922,0.635386288166046,0.0054937219247222,0.00780732743442059,0.448650419712067,0.737652897834778,0.798906028270721,0.147104173898697,0.673248648643494
100,0.00498307123780251,0.00654872879385948,0.395816475152969,0.734700381755829,0.842703342437744,0.18504586815834,0.621838927268982,0.00523134088143706,0.00726650329306722,0.445748239755631,0.716673731803894,0.840725541114807,0.12947490811348,0.659819483757019
101,0.00476094055920839,0.00674215611070395,0.393373161554337,0.735272526741028,0.845211982727051,0.0515371114015579,0.66897988319397,0.00522035174071789,0.00778970355167985,0.400076329708099,0.737420082092285,0.818508625030518,0.0386293455958366,0.704414963722229
102,0.00467233266681433,0.006684057880193,0.394706666469574,0.733366549015045,0.849984705448151,0.0273239314556122,0.675661146640778,0.00517628062516451,0.00770213874056935,0.451160818338394,0.722447991371155,0.836643517017365,0.0379078686237335,0.704362750053406
103,0.00466250628232956,0.00667166570201516,0.402304589748383,0.725490927696228,0.856965959072113,0.0240864958614111,0.675550937652588,0.00512511748820543,0.00760377943515778,0.408028185367584,0.7318195104599,0.827136754989624,0.0274329669773579,0.703527808189392
104,0.00463060243055224,0.00662306835874915,0.39815691113472,0.728019177913666,0.857293426990509,0.0223407335579395,0.67549341917038,0.00511752581223846,0.00765608996152878,0.433392703533173,0.719240427017212,0.836266398429871,0.0152212996035814,0.709242761135101
105,0.00464837998151779,0.00664811069145799,0.40511479973793,0.72147810459137,0.860542058944702,0.0220086518675089,0.674899220466614,0.00511055625975132,0.00758556369692087,0.48015108704567,0.704503774642944,0.855908513069153,0.0251921378076076,0.705064356327057
106,0.00460669165477157,0.00656659016385675,0.403722912073135,0.719439208507538,0.863693952560425,0.022140109911561,0.673048079013824,0.0050959000363946,0.0076032867655158,0.491836607456207,0.696620643138886,0.862205386161804,0.0225772671401501,0.708474278450012
107,0.00460560340434313,0.00657181069254875,0.403873801231384,0.717977583408356,0.864624083042145,0.020395003259182,0.674407124519348,0.00510341674089432,0.00758481677621603,0.461521774530411,0.707846403121948,0.851368844509125,0.0289391782134771,0.704660475254059
108,0.00460469489917159,0.00656880950555205,0.407558798789978,0.713652193546295,0.86792403459549,0.0203404873609543,0.672820925712585,0.00501229194924235,0.00744102336466312,0.46099179983139,0.700275599956512,0.854771256446838,0.020078806206584,0.703497767448425
109,0.00460146134719253,0.00656097987666726,0.40637993812561,0.71200305223465,0.868048906326294,0.0210527051240206,0.674013078212738,0.00510361464694142,0.00762420892715454,0.443540185689926,0.709349751472473,0.842374324798584,0.016673156991601,0.70768815279007
110,0.00510816788300872,0.0069134971126914,0.3513443171978,0.791208267211914,0.774997651576996,0.180663958191872,0.643534541130066,0.00533202663064003,0.00795507617294788,0.365978598594666,0.793634831905365,0.739689350128174,0.0703347250819206,0.70300018787384
111,0.00481172045692802,0.00697643822059035,0.344588220119476,0.804991781711578,0.762402415275574,0.0519741214811802,0.681666076183319,0.00529416091740131,0.00795552786439657,0.382872760295868,0.794874012470245,0.74603796005249,0.0561941862106323,0.711354851722717
112,0.00475600128993392,0.00694095110520721,0.343872487545013,0.806090533733368,0.760925590991974,0.0374802201986313,0.686507344245911,0.00531044183298945,0.00802377890795469,0.39644181728363,0.785942077636719,0.746050894260407,0.0531191527843475,0.71305787563324
113,0.00473032705485821,0.0069184573367238,0.347516447305679,0.803441226482391,0.761846661567688,0.0301001593470573,0.687094569206238,0.00538104074075818,0.00829317234456539,0.428499460220337,0.778711140155792,0.749568939208984,0.02565061673522,0.727513551712036
114,0.00470421276986599,0.0068766213953495,0.350481152534485,0.800407588481903,0.763447761535645,0.0257166158407927,0.68742561340332,0.00531866168603301,0.00809523835778236,0.386708319187164,0.787619769573212,0.737374603748322,0.0393970124423504,0.718551516532898
115,0.0051237503066659,0.00649929605424404,0.344987988471985,0.78845626115799,0.799108982086182,0.24962967634201,0.599426329135895,0.0055841151624918,0.00757392356172204,0.423316568136215,0.763167381286621,0.795775175094605,0.229504972696304,0.643422722816467
116,0.00496599823236465,0.00660819467157126,0.348152458667755,0.785530567169189,0.796030044555664,0.174584791064262,0.627208054065704,0.005518545396626,0.00781695637851954,0.398285686969757,0.769998490810394,0.778406798839569,0.160564288496971,0.67006242275238
117,0.00490309111773968,0.00669876951724291,0.344240844249725,0.786338865756989,0.794374883174896,0.130070820450783,0.64340341091156,0.00539059098809958,0.00779055384919047,0.384208381175995,0.775201916694641,0.775439739227295,0.119358897209167,0.682488739490509
118,0.00487557053565979,0.00669212220236659,0.349618494510651,0.782316148281097,0.800948977470398,0.119983486831188,0.646744191646576,0.00535529479384422,0.00772898411378264,0.383648663759232,0.774453938007355,0.782016813755035,0.115071162581444,0.681171536445618
119,0.00484821479767561,0.00671008555218577,0.346437036991119,0.783262312412262,0.799584090709686,0.107256971299648,0.651743710041046,0.00540981395170093,0.00786193087697029,0.418570220470428,0.761917531490326,0.790453135967255,0.112371757626534,0.686956882476807
120,0.00581276370212436,0.00654697697609663,0.427995353937149,0.722959041595459,0.830887973308563,0.510127484798431,0.533252418041229,0.0059804106131196,0.00757798226550221,0.504538476467133,0.685069978237152,0.823486506938934,0.377871632575989,0.601938605308533
121,0.00500543368980289,0.00651335157454014,0.532293140888214,0.505375862121582,0.837670505046845,0.181318923830986,0.615928113460541,0.0052796839736402,0.00743025355041027,0.640027403831482,0.409296572208405,0.832210958003998,0.113429620862007,0.668810248374939
122,0.00480120116844773,0.00641839811578393,0.493384718894959,0.493349760770798,0.836694002151489,0.123091734945774,0.630627989768982,0.00519970711320639,0.00736448587849736,0.529075026512146,0.477425873279572,0.824064135551453,0.10528165102005,0.671035051345825
123,0.0047399653121829,0.00636477768421173,0.464931428432465,0.517013013362885,0.83426821231842,0.11396612226963,0.634156167507172,0.00527332862839103,0.00753478100523353,0.540141105651856,0.478364020586014,0.821101367473602,0.0987060964107513,0.678892612457275
124,0.0047172149643302,0.00636870553717017,0.449136406183243,0.534065961837769,0.832281827926636,0.106582745909691,0.636725604534149,0.00519576203078032,0.00744745181873441,0.496465981006622,0.535667538642883,0.818278014659882,0.0940533503890038,0.681567907333374
125,0.00495386961847544,0.00657720724120736,0.322422713041306,0.786806285381317,0.77933394908905,0.178411424160004,0.628381192684174,0.00530868023633957,0.00763040455058217,0.361016035079956,0.786859929561615,0.755893886089325,0.129299163818359,0.677569150924683
126,0.00480920076370239,0.00659562507644296,0.321427434682846,0.799297690391541,0.776756227016449,0.118571355938911,0.646170258522034,0.00529559142887592,0.00754425814375281,0.368706941604614,0.782854914665222,0.767935216426849,0.12757071852684,0.675294458866119
127,0.00478673772886395,0.00657323468476534,0.320894181728363,0.800310850143433,0.777124881744385,0.114101119339466,0.646451830863953,0.00526033295318484,0.00750689255073667,0.357857942581177,0.787659883499146,0.760994613170624,0.123962998390198,0.675957679748535
128,0.00477752462029457,0.00656459014862776,0.32215416431427,0.799768924713135,0.778579711914063,0.111598171293736,0.647797882556915,0.00528822420164943,0.0075365798547864,0.392667591571808,0.775152385234833,0.77651447057724,0.12737712264061,0.674586653709412
129,0.00475880317389965,0.00653462065383792,0.323345482349396,0.799346387386322,0.779371976852417,0.109510362148285,0.647369921207428,0.00531790079548955,0.00763697270303965,0.384798735380173,0.779827356338501,0.769077479839325,0.117060303688049,0.681154012680054
130,0.00602590339258313,0.00651115411892533,0.346250504255295,0.787066638469696,0.798888027667999,0.618110537528992,0.508840501308441,0.00643965927883983,0.00747777801007032,0.430415958166122,0.75796639919281,0.806029081344605,0.590917944908142,0.548152506351471
131,0.0059450245462358,0.00655898824334145,0.364167541265488,0.777042090892792,0.813117742538452,0.572675049304962,0.519122183322907,0.00639275508001447,0.00760864187031984,0.419284969568253,0.758968710899353,0.803648948669434,0.564988017082214,0.560747981071472
132,0.00590639095753431,0.00662390934303403,0.37519434094429,0.770167708396912,0.82037878036499,0.548403680324554,0.527270138263702,0.00637539429590106,0.00759009318426251,0.423752248287201,0.754584550857544,0.810458064079285,0.544907867908478,0.561990857124329
133,0.00588575657457113,0.00664102379232645,0.376136064529419,0.768811583518982,0.822596609592438,0.534637689590454,0.531585216522217,0.00636275997385383,0.00764682982116938,0.425138145685196,0.754634261131287,0.810682237148285,0.524905800819397,0.570027828216553
134,0.00586060248315334,0.00662772357463837,0.370452463626862,0.768410384654999,0.823250532150269,0.525361597537994,0.532289445400238,0.00632884399965405,0.00765606062486768,0.439517021179199,0.747615039348602,0.817712604999542,0.520052671432495,0.571638405323029
135,0.00602590339258313,0.00651115411892533,0.346250504255295,0.787066638469696,0.798888027667999,0.618110537528992,0.508840501308441,0.00643965927883983,0.00747777801007032,0.430415958166122,0.75796639919281,0.806029081344605,0.590917944908142,0.548152506351471
136,0.0059450245462358,0.00655898824334145,0.364167541265488,0.777042090892792,0.813117742538452,0.572675049304962,0.519122183322907,0.00639275508001447,0.00760864187031984,0.419284969568253,0.758968710899353,0.803648948669434,0.564988017082214,0.560747981071472
137,0.00590639095753431,0.00662390934303403,0.37519434094429,0.770167708396912,0.82037878036499,0.548403680324554,0.527270138263702,0.00637539429590106,0.00759009318426251,0.423752248287201,0.754584550857544,0.810458064079285,0.544907867908478,0.561990857124329
138,0.00588575657457113,0.00664102379232645,0.376136064529419,0.768811583518982,0.822596609592438,0.534637689590454,0.531585216522217,0.00636275997385383,0.00764682982116938,0.425138145685196,0.754634261131287,0.810682237148285,0.524905800819397,0.570027828216553
139,0.00586060248315334,0.00662772357463837,0.370452463626862,0.768410384654999,0.823250532150269,0.525361597537994,0.532289445400238,0.00632884399965405,0.00765606062486768,0.439517021179199,0.747615039348602,0.817712604999542,0.520052671432495,0.571638405323029
